{
    "X3": 54.1366866231262,
    "Y3": 85.749842402472,
    "Z3": -34.0158926137906,
    "X4": 53.8567779142722,
    "Y4": 85.7776699361918,
    "Z4": -35.1654585955228,
    "X5": 51.951879142894754,
    "Y5": 88.13708858379636,
    "Z5": -31.71445028430345,
    "X6": 52.0856172286504,
    "Y6": 92.1542800897994,
    "Z6": -26.4573269813651,
    "X7": 49.6010580323329,
    "Y7": 93.7963336567009,
    "Z7": -19.4288190052031,
    "X8": 55.9467366810725,
    "Y8": 92.1849163305302,
    "Z8": -22.4580184737248,
    "X9": 61.9968397954637,
    "Y9": 84.7388725643988,
    "Z9": -26.800563580337,
    "X10": 61.844638045909846,
    "Y10": 78.9959371428978,
    "Z10": -32.91379400670045,
    "X11": -48.5934332156295,
    "Y11": 38.9380997909788,
    "Z11": 11.3051176239111
}